sku,preis_netto
BF-V-0185216D,6.20
BF-V-02375754,124.65
BF-V-03FE504C,77.23
BF-V-05A9A6CF,225.80
BF-V-082AAF0B,42.38
BF-V-0862A772,23.21
BF-V-0A759BBF,74.13
BF-V-0BD9119D,37.54
BF-V-0C01A2F4,7.43
BF-V-0EA495CD,6.49
BF-V-0F4E301F,64.37
BF-V-0F768522,49.31
BF-V-1046960A,51.08
BF-V-10CBE62C,12.75
BF-V-12F0182E,85.49
BF-V-137671DB,5.41
BF-V-1454A637,33.23
BF-V-146A30E3,181.80
BF-V-171BBB60,56.74
BF-V-185A2C70,8.78
BF-V-189CAFA7,131.49
BF-V-18C43044,77.11
BF-V-194A7354,76.48
BF-V-1B3BA4DF,102.23
BF-V-1D17726A,4.90
BF-V-1D4E9EFA,5.14
BF-V-1F498E5D,2.81
BF-V-201F27B6,0.32
BF-V-22625A7B,7.49
BF-V-2603AA47,7.76
BF-V-27CC917E,74.61
BF-V-294DBF8D,29.80
BF-V-2ABB824D,62.90
BF-V-2CDB3B6F,3.87
BF-V-2D7F3A15,66.58
BF-V-2DCC8132,68.35
BF-V-2DD71741,0.48
BF-V-2F4ED981,0.68
BF-V-33362442,13.20
BF-V-365D21EF,30.93
BF-V-36964982,61.57
BF-V-37B55DF4,34.17
BF-V-3BB77D3C,0.96
BF-V-3BF481CB,89.00
BF-V-3C729371,33.89
BF-V-3C8766E4,78.56
BF-V-3CE8A471,10.22
BF-V-406430F7,6.24
BF-V-40FAB03A,30.55
BF-V-413F70F3,64.32
BF-V-4462289E,9.86
BF-V-46D9552F,8.88
BF-V-4767CD6D,77.80
BF-V-4787B9E1,106.73
BF-V-48C84102,63.49
BF-V-49F1BA89,7.16
BF-V-4B26BE1E,0.79
BF-V-4C22478D,6.51
BF-V-4F303E42,65.80
BF-V-4F63F519,43.55
BF-V-5151482F,86.87
BF-V-52A8EA2C,12.03
BF-V-533974A5,8.77
BF-V-5465A128,11.20
BF-V-54FE5871,40.87
BF-V-56C74504,6.13
BF-V-581C4488,155.22
BF-V-5979AAB2,28.41
BF-V-5A0968A3,82.30
BF-V-5BB0921F,0.47
BF-V-5C9CEF9F,6.89
BF-V-5D0E79A3,49.31
BF-V-618E68E1,215.23
BF-V-62C8717D,6.70
BF-V-6303D9CA,16.97
BF-V-636C1764,12.03
BF-V-639B22ED,29.62
BF-V-648F0321,27.27
BF-V-6510EF99,4.05
BF-V-687EB24D,0.99
BF-V-68FB055B,5.04
BF-V-69213716,158.85
BF-V-69BD6C25,45.28
BF-V-6A7BF3AC,14.19
BF-V-6EB85C59,0.57
BF-V-72DD0526,40.28
BF-V-734661D5,5.95
BF-V-735F76C5,4.61
BF-V-7457568A,67.39
BF-V-76754EAA,70.84
BF-V-7713E393,8.18
BF-V-777608B6,44.16
BF-V-7926B558,60.40
BF-V-79F3EB19,72.93
BF-V-7A82C84C,0.53
BF-V-7AE5095E,71.90
BF-V-7C35D122,83.13
BF-V-7CBAC4A5,42.38
BF-V-7D100B83,80.75
BF-V-81A33A5E,4.15
BF-V-81D067CB,89.16
BF-V-8297A0A9,200.11
BF-V-83F6240B,5.59
BF-V-853C97B1,218.99
BF-V-86276E42,33.69
BF-V-8750ED83,72.19
BF-V-87D287E1,75.56
BF-V-88A4059A,24.51
BF-V-897A8F8D,3.87
BF-V-8A0B5FB4,0.55
BF-V-8B2D7859,5.72
BF-V-8C8CE63E,114.07
BF-V-8F383257,12.24
BF-V-8FA0D200,43.73
BF-V-90058B06,56.67
BF-V-911165B2,48.14
BF-V-92C29081,215.69
BF-V-94165989,1.94
BF-V-94F38ABA,6.27
BF-V-9915CADA,67.39
BF-V-9A88586C,93.73
BF-V-9AB2383E,8.90
BF-V-9C99F91D,70.43
BF-V-9CB42F41,71.37
BF-V-9D45DF37,52.01
BF-V-9D7CA43F,11.25
BF-V-A20D0C83,63.71
BF-V-A307B24B,7.18
BF-V-A3402006,0.46
BF-V-A49D2D3F,19.33
BF-V-A635A01A,4.85
BF-V-A6B953FC,78.70
BF-V-A854E5E7,74.13
BF-V-A887A160,76.48
BF-V-A9742B5F,74.94
BF-V-AA1A5310,71.03
BF-V-AD6C4005,72.13
BF-V-AE657A40,156.82
BF-V-AEA013E1,11.25
BF-V-B2F674E9,8.00
BF-V-B43408F0,72.59
BF-V-B8214EC0,9.76
BF-V-B84FEB57,7.26
BF-V-B875363B,4.62
BF-V-B8C06E52,85.58
BF-V-BAF05656,9.66
BF-V-BC515CE9,68.52
BF-V-BD2DE969,0.57
BF-V-BD84EE13,89.16
BF-V-BE2F7339,20.22
BF-V-BF1F0CBB,43.23
BF-V-C0BFBD73,12.82
BF-V-C1FE1F23,255.24
BF-V-C7EE29C9,49.31
BF-V-C809BE61,78.56
BF-V-C9834603,92.77
BF-V-C9F0E492,9.78
BF-V-CC792DD3,196.27
BF-V-CD29986B,372.45
BF-V-CD5A7308,25.55
BF-V-D1163685,25.22
BF-V-D497CA83,7.54
BF-V-D55D4762,10.70
BF-V-D62B62EF,23.91
BF-V-D69A3421,8.97
BF-V-D6D183C1,48.54
BF-V-D7106CD1,75.73
BF-V-D87492B7,46.12
BF-V-D946412C,37.33
BF-V-D97654F3,3.97
BF-V-DAF1DCFF,4.09
BF-V-DBC1920D,9.36
BF-V-DD89A61D,12.99
BF-V-DE4CAA40,112.87
BF-V-DEF8FCCF,21.54
BF-V-DF88EAFA,4.25
BF-V-DFB0AFFD,84.26
BF-V-DFC3814D,6.81
BF-V-E23D8B71,37.00
BF-V-E3785639,5.90
BF-V-E3D4AC99,112.21
BF-V-E43B565D,74.13
BF-V-E4E11F57,21.64
BF-V-E68C5C6F,0.65
BF-V-E89F7C52,10.08
BF-V-E9058507,72.13
BF-V-E9D02ECF,82.68
BF-V-EAF2794A,31.91
BF-V-EF145E35,219.64
BF-V-EF5668EF,99.63
BF-V-EF7B51BC,9.86
BF-V-F09EC711,3.83
BF-V-F14120C0,28.35
BF-V-F423AED3,10.26
BF-V-F65DB51E,9.71
BF-V-FA094BEC,42.38
BF-V-FA124A9A,86.55
BF-V-FDB021BD,4.30
BF-V-FDB5AEA4,82.30
BF-V-FDB606CC,11.33
BF-V-FF32DA3D,81.32
BF-V-FFACA225,2.64
