Type,SKU,Name,Published,Is featured?,Visibility in catalog,Short description,Description,Tax status,In stock?,Regular price,Categories,Images,Parent,Brands,Attribute 1 name,Attribute 1 value(s),Attribute 1 visible,Attribute 1 global,Attribute 2 name,Attribute 2 value(s),Attribute 2 visible,Attribute 2 global,Attribute 3 name,Attribute 3 value(s),Attribute 3 visible,Attribute 3 global,Attribute 4 name,Attribute 4 value(s),Attribute 4 visible,Attribute 4 global,Attribute 5 name,Attribute 5 value(s),Attribute 5 visible,Attribute 5 global,Attribute 6 name,Attribute 6 value(s),Attribute 6 visible,Attribute 6 global,Attribute 7 name,Attribute 7 value(s),Attribute 7 visible,Attribute 7 global,Attribute 8 name,Attribute 8 value(s),Attribute 8 visible,Attribute 8 global,Attribute 9 name,Attribute 9 value(s),Attribute 9 visible,Attribute 9 global,Attribute 10 name,Attribute 10 value(s),Attribute 10 visible,Attribute 10 global,Attribute 11 name,Attribute 11 value(s),Attribute 11 visible,Attribute 11 global,Attribute 12 name,Attribute 12 value(s),Attribute 12 visible,Attribute 12 global,Attribute 13 name,Attribute 13 value(s),Attribute 13 visible,Attribute 13 global,Attribute 14 name,Attribute 14 value(s),Attribute 14 visible,Attribute 14 global,Attribute 15 name,Attribute 15 value(s),Attribute 15 visible,Attribute 15 global,Meta: _bf_preis_auf_anfrage,Meta: _bf_ts_id
variable,BF-15798,"Einschlagfuß für Vierkantrohr 25 und 30 mm, Zinkdruckguss",1,0,visible,"Robuster Einschlagfuß aus Zinkdruckguss für kleine Vierkantrohre, mit stufenlosem Höhenausgleich.","<p>Der Fuß wird einfach in das Rohrende eingeschlagen und sitzt danach fest. Über den Stellteil gleichen Sie Bodenunebenheiten aus, ohne das Gestell anzuheben. Erhältlich für 25er Rohr mit Flansch und für 30er Rohr mit Sechskant, jeweils in Zinkdruckguss natur oder vernickelt.</p>",taxable,1,,Einschlagfüße > Vierkantrohr,https://ts-systemtechnik.de/wp-content/uploads/2016/02/01Zinkdruckguss2530mm.png,,,Anwendung,"Arbeitstisch / Möbel, Regal / Gestell, Gastronomiegerät",1,1,Funktion,Höhenverstellung,1,1,Bauform,Einschlagfuß,1,1,Material,Zinkdruckguss,1,1,Rohrmaß,"Vierkant 25 mm, Vierkant 30 mm",1,1,Fußform,"Flansch, Sechskant",1,1,Traglast,6500 N,1,0,Verstellbereich,26–60 mm,1,0,Ausführung,"25 mm · Zamak natur · Flansch, 25 mm · Zamak vernickelt · Flansch, 30 mm · Zamak natur · Sechskant, 30 mm · Zamak vernickelt · Sechskant",1,0,,,,,,,,,,,,,,,,,,,,,,,,,,15798
variation,1099-1404-2100,"Einschlagfuß für Vierkantrohr 25 und 30 mm, Zinkdruckguss – 25 mm, Zamak natur, Flansch",1,,,,,taxable,1,7.20,,,BF-15798,,,,,,,,,,,,,,,,,,,,,,,,,,,,,,,,,,Ausführung,25 mm · Zamak natur · Flansch,,0,,,,,,,,,,,,,,,,,,,,,,,,,,
variation,1099-1404-2120,"Einschlagfuß für Vierkantrohr 25 und 30 mm, Zinkdruckguss – 25 mm, Zamak vernickelt, Flansch",1,,,,,taxable,1,7.80,,,BF-15798,,,,,,,,,,,,,,,,,,,,,,,,,,,,,,,,,,Ausführung,25 mm · Zamak vernickelt · Flansch,,0,,,,,,,,,,,,,,,,,,,,,,,,,,
variation,1099-1830-2102,"Einschlagfuß für Vierkantrohr 25 und 30 mm, Zinkdruckguss – 30 mm, Zamak natur, Sechskant",1,,,,,taxable,1,8.10,,,BF-15798,,,,,,,,,,,,,,,,,,,,,,,,,,,,,,,,,,Ausführung,30 mm · Zamak natur · Sechskant,,0,,,,,,,,,,,,,,,,,,,,,,,,,,
variation,1099-1830-2122,"Einschlagfuß für Vierkantrohr 25 und 30 mm, Zinkdruckguss – 30 mm, Zamak vernickelt, Sechskant",1,,,,,taxable,1,8.45,,,BF-15798,,,,,,,,,,,,,,,,,,,,,,,,,,,,,,,,,,Ausführung,30 mm · Zamak vernickelt · Sechskant,,0,,,,,,,,,,,,,,,,,,,,,,,,,,
variable,BF-15797,"Einschlagfuß für Vierkantrohr 35 mm, Zinkdruckguss",1,0,visible,"Einschlagfuß für 35 × 35 mm Vierkantrohr mit Sechskant-Stellteil, natur oder vernickelt.","<p>Passend für Gestelle aus 35er Vierkantrohr. Der Sechskant lässt sich mit einem Gabelschlüssel nachstellen, auch wenn das Gestell schon beladen ist.</p>",taxable,1,,Einschlagfüße > Vierkantrohr,https://ts-systemtechnik.de/wp-content/uploads/2017/11/Zinkdruckguss_35_351.gif,,,Anwendung,"Arbeitstisch / Möbel, Regal / Gestell, Gastronomiegerät",1,1,Funktion,Höhenverstellung,1,1,Bauform,Einschlagfuß,1,1,Material,Zinkdruckguss,1,1,Rohrmaß,Vierkant 35 mm,1,1,Fußform,Sechskant,1,1,Traglast,6500 N,1,0,Verstellbereich,26–60 mm,1,0,Ausführung,"Zamak natur · Sechskant, Zamak vernickelt · Sechskant",1,0,,,,,,,,,,,,,,,,,,,,,,,,,,15797
variation,1015-3501-1101,"Einschlagfuß für Vierkantrohr 35 mm, Zinkdruckguss – Zamak natur, Sechskant",1,,,,,taxable,1,8.30,,,BF-15797,,,,,,,,,,,,,,,,,,,,,,,,,,,,,,,,,,Ausführung,Zamak natur · Sechskant,,0,,,,,,,,,,,,,,,,,,,,,,,,,,
variation,1015-3501-1110,"Einschlagfuß für Vierkantrohr 35 mm, Zinkdruckguss – Zamak vernickelt, Sechskant",1,,,,,taxable,1,8.95,,,BF-15797,,,,,,,,,,,,,,,,,,,,,,,,,,,,,,,,,,Ausführung,Zamak vernickelt · Sechskant,,0,,,,,,,,,,,,,,,,,,,,,,,,,,
variable,BF-15796,"Einschlagfuß für Vierkantrohr 30 mm, Kunststoff mit Flansch",1,0,visible,"Leichter Kunststoff-Einschlagfuß mit Flansch für 30er Vierkantrohr, zwei Verstellbereiche.","<p>Die günstige Lösung für leichte Möbel, Regale und Gestelle. Der Kunststoffflansch schont empfindliche Böden.</p>",taxable,1,,Einschlagfüße > Vierkantrohr,https://ts-systemtechnik.de/wp-content/uploads/2016/02/Kunststoff3035.png,,,Anwendung,"Arbeitstisch / Möbel, Regal / Gestell",1,1,Funktion,Höhenverstellung,1,1,Bauform,Einschlagfuß,1,1,Material,Kunststoff,1,1,Rohrmaß,Vierkant 30 mm,1,1,Fußform,Flansch,1,1,Ausführung,"Flansch 28 mm · Verstellbereich 20–45 mm, Flansch 38 mm · Verstellbereich 38–56 mm",1,0,,,,,,,,,,,,,,,,,,,,,,,,,,,,,,,,,,15796
variation,1030-2743-FL28,"Einschlagfuß für Vierkantrohr 30 mm, Kunststoff mit Flansch – Flansch 28 mm, Verstellbereich 20–45 mm",1,,,,,taxable,1,5.25,,,BF-15796,,,,,,,,,,,,,,,,,,,,,,,,,,Ausführung,Flansch 28 mm · Verstellbereich 20–45 mm,,0,,,,,,,,,,,,,,,,,,,,,,,,,,,,,,,,,,
variation,1030-3856-FLS,"Einschlagfuß für Vierkantrohr 30 mm, Kunststoff mit Flansch – Flansch 38 mm, Verstellbereich 38–56 mm",1,,,,,taxable,1,5.85,,,BF-15796,,,,,,,,,,,,,,,,,,,,,,,,,,Ausführung,Flansch 38 mm · Verstellbereich 38–56 mm,,0,,,,,,,,,,,,,,,,,,,,,,,,,,,,,,,,,,
variable,BF-15795,Einschlagfuß für Vierkantrohr 40 mm mit Vierkantflansch,1,0,visible,"Einschlagfuß mit quadratischem Flansch 40 × 40 mm, bündig zum Rohr, bis 9000 N.","<p>Der quadratische Flansch schließt bündig mit dem Rohr ab und wirkt dadurch besonders sauber, etwa an Edelstahltischen. Für Rohre mit 1,2 bis 1,5 mm Wandstärke.</p>",taxable,1,,Einschlagfüße > Vierkantrohr,https://ts-systemtechnik.de/wp-content/uploads/2016/02/01Kunststoff4040.png,,,Anwendung,"Gastronomiegerät, Arbeitstisch / Möbel",1,1,Funktion,Höhenverstellung,1,1,Bauform,Einschlagfuß,1,1,Material,"Zinkdruckguss, Edelstahl",1,1,Rohrmaß,Vierkant 40 mm,1,1,Fußform,Flansch,1,1,Traglast,9000 N,1,0,Verstellbereich,33–62 mm,1,0,Ausführung,"Zamak vernickelt · Flansch 40 × 40 mm, Edelstahl · Flansch 40 × 40 mm",1,0,,,,,,,,,,,,,,,,,,,,,,,,,,15795
variation,1015-4003-2220,"Einschlagfuß für Vierkantrohr 40 mm mit Vierkantflansch – Zamak vernickelt, Flansch 40 × 40 mm",1,,,,,taxable,1,12.85,,,BF-15795,,,,,,,,,,,,,,,,,,,,,,,,,,,,,,,,,,Ausführung,Zamak vernickelt · Flansch 40 × 40 mm,,0,,,,,,,,,,,,,,,,,,,,,,,,,,
variation,1015-4040-1144,"Einschlagfuß für Vierkantrohr 40 mm mit Vierkantflansch – Edelstahl, Flansch 40 × 40 mm",1,,,,,taxable,1,13.70,,,BF-15795,,,,,,,,,,,,,,,,,,,,,,,,,,,,,,,,,,Ausführung,Edelstahl · Flansch 40 × 40 mm,,0,,,,,,,,,,,,,,,,,,,,,,,,,,
variable,BF-15794,Einschlagfuß für Vierkantrohr 40 mm mit Sechskant,1,0,visible,"Der Klassiker für 40er Vierkantrohr: Zamak, Edelstahl oder Aluminium, auch für 2 mm Wandstärke.","<p>Die große Auswahl für 40 × 40 mm Rohr. Wählen Sie zwischen Zamak natur, vernickelt, Edelstahl und einer Aluminium-Ausführung mit langem Verstellweg bis 160 mm. Für dickwandige Rohre mit 2 mm Wand gibt es eigene Varianten.</p>",taxable,1,,Einschlagfüße > Vierkantrohr,https://ts-systemtechnik.de/wp-content/uploads/2016/02/02Kunststoff4040.png,,,Anwendung,"Arbeitstisch / Möbel, Regal / Gestell, Gastronomiegerät, Maschine / Anlage",1,1,Funktion,Höhenverstellung,1,1,Bauform,Einschlagfuß,1,1,Material,"Zinkdruckguss, Edelstahl, Aluminium",1,1,Rohrmaß,Vierkant 40 mm,1,1,Fußform,Sechskant,1,1,Verstellbereich,29–160 mm,1,0,Ausführung,"Zamak natur · 29–67 mm, Zamak vernickelt · 29–67 mm, Edelstahl · 29–67 mm, Aluminium · bis 160 mm, Zamak natur · für 2 mm Rohr · 38–66 mm, Edelstahl vernickelt · für 2 mm Rohr · 38–66 mm",1,0,,,,,,,,,,,,,,,,,,,,,,,,,,,,,,15794
variation,1099-1804-2100,"Einschlagfuß für Vierkantrohr 40 mm mit Sechskant – Zamak natur, 29–67 mm",1,,,,,taxable,1,4.59,,,BF-15794,,,,,,,,,,,,,,,,,,,,,,,,,,,,,,Ausführung,Zamak natur · 29–67 mm,,0,,,,,,,,,,,,,,,,,,,,,,,,,,,,,,
variation,1099-1804-2120,"Einschlagfuß für Vierkantrohr 40 mm mit Sechskant – Zamak vernickelt, 29–67 mm",1,,,,,taxable,1,7.95,,,BF-15794,,,,,,,,,,,,,,,,,,,,,,,,,,,,,,Ausführung,Zamak vernickelt · 29–67 mm,,0,,,,,,,,,,,,,,,,,,,,,,,,,,,,,,
variation,1099-1804-2621,"Einschlagfuß für Vierkantrohr 40 mm mit Sechskant – Edelstahl, 29–67 mm",1,,,,,taxable,1,9.55,,,BF-15794,,,,,,,,,,,,,,,,,,,,,,,,,,,,,,Ausführung,Edelstahl · 29–67 mm,,0,,,,,,,,,,,,,,,,,,,,,,,,,,,,,,
variation,1099-1804-2153,"Einschlagfuß für Vierkantrohr 40 mm mit Sechskant – Aluminium, bis 160 mm",1,,,,,taxable,1,19.60,,,BF-15794,,,,,,,,,,,,,,,,,,,,,,,,,,,,,,Ausführung,Aluminium · bis 160 mm,,0,,,,,,,,,,,,,,,,,,,,,,,,,,,,,,
variation,1652-0257,"Einschlagfuß für Vierkantrohr 40 mm mit Sechskant – Zamak natur, für 2 mm Rohr, 38–66 mm",1,,,,,taxable,1,8.25,,,BF-15794,,,,,,,,,,,,,,,,,,,,,,,,,,,,,,Ausführung,Zamak natur · für 2 mm Rohr · 38–66 mm,,0,,,,,,,,,,,,,,,,,,,,,,,,,,,,,,
variation,1652-0258,"Einschlagfuß für Vierkantrohr 40 mm mit Sechskant – Edelstahl vernickelt, für 2 mm Rohr, 38–66 mm",1,,,,,taxable,1,9.25,,,BF-15794,,,,,,,,,,,,,,,,,,,,,,,,,,,,,,Ausführung,Edelstahl vernickelt · für 2 mm Rohr · 38–66 mm,,0,,,,,,,,,,,,,,,,,,,,,,,,,,,,,,
variable,BF-15793,Einschlagfuß für Vierkantrohr 40 mm mit rundem Flansch,1,0,visible,"Einschlagfuß mit rundem Edelstahlflansch 39 oder 89 mm, auch mit Löchern zur Bodenbefestigung.","<p>Der große 89-mm-Flansch verteilt die Last auf eine größere Fläche. Die Ausführung mit Löchern lässt sich am Boden verschrauben, etwa bei Kühlmöbeln oder Arbeitsplätzen, die nicht verrutschen dürfen.</p>",taxable,1,,Einschlagfüße > Vierkantrohr,https://ts-systemtechnik.de/wp-content/uploads/2016/02/03Zink4040.png,,,Anwendung,"Gastronomiegerät, Arbeitstisch / Möbel, Maschine / Anlage",1,1,Funktion,"Höhenverstellung, Bodenbefestigung",1,1,Bauform,Einschlagfuß,1,1,Material,"Zinkdruckguss, Edelstahl",1,1,Rohrmaß,Vierkant 40 mm,1,1,Fußform,Flansch,1,1,Ausführung,"Edelstahlflansch 39 mm, Edelstahlflansch 89 mm mit Löchern, Edelstahlflansch 89 mm · für 2 mm Rohr",1,0,,,,,,,,,,,,,,,,,,,,,,,,,,,,,,,,,,15793
variation,1015-4039-1144,Einschlagfuß für Vierkantrohr 40 mm mit rundem Flansch – Edelstahlflansch 39 mm,1,,,,,taxable,1,11.30,,,BF-15793,,,,,,,,,,,,,,,,,,,,,,,,,,Ausführung,Edelstahlflansch 39 mm,,0,,,,,,,,,,,,,,,,,,,,,,,,,,,,,,,,,,
variation,1015-4090-1144,Einschlagfuß für Vierkantrohr 40 mm mit rundem Flansch – Edelstahlflansch 89 mm mit Löchern,1,,,,,taxable,1,11.50,,,BF-15793,,,,,,,,,,,,,,,,,,,,,,,,,,Ausführung,Edelstahlflansch 89 mm mit Löchern,,0,,,,,,,,,,,,,,,,,,,,,,,,,,,,,,,,,,
variation,1652-0358,"Einschlagfuß für Vierkantrohr 40 mm mit rundem Flansch – Edelstahlflansch 89 mm, für 2 mm Rohr",1,,,,,taxable,1,11.75,,,BF-15793,,,,,,,,,,,,,,,,,,,,,,,,,,Ausführung,Edelstahlflansch 89 mm · für 2 mm Rohr,,0,,,,,,,,,,,,,,,,,,,,,,,,,,,,,,,,,,
variable,BF-15792,"Einschlagfuß für Vierkantrohr 40 mm, Kunststoff",1,0,visible,"Kunststoff-Einschlagfüße für 40er Rohr in Schwarz oder Grau, mit Sechskant oder rundem Fuß.","<p>Für Werkbänke, Regale und Betriebseinrichtungen, bei denen kein Metallfuß nötig ist. Fünf Ausführungen mit Verstellwegen von 27 bis 82 mm.</p>",taxable,1,,Einschlagfüße > Vierkantrohr,https://ts-systemtechnik.de/wp-content/uploads/2016/02/01Kunststoff40440-e1708349348686.png,,,Anwendung,"Arbeitstisch / Möbel, Regal / Gestell",1,1,Funktion,Höhenverstellung,1,1,Bauform,Einschlagfuß,1,1,Material,Kunststoff,1,1,Rohrmaß,Vierkant 40 mm,1,1,Fußform,"Sechskant, Rund",1,1,Verstellbereich,27–82 mm,1,0,Ausführung,"Grau · Sechskant · 30–53 mm, Schwarz · Sechskant · 44–60 mm, Schwarz · rund · 27–51 mm, Grau · Sechskant · 41–64 mm, Schwarz · Sechskant · 27–82 mm",1,0,,,,,,,,,,,,,,,,,,,,,,,,,,,,,,15792
variation,1040-2643-GR,"Einschlagfuß für Vierkantrohr 40 mm, Kunststoff – Grau, Sechskant, 30–53 mm",1,,,,,taxable,1,7.25,,,BF-15792,,,,,,,,,,,,,,,,,,,,,,,,,,,,,,Ausführung,Grau · Sechskant · 30–53 mm,,0,,,,,,,,,,,,,,,,,,,,,,,,,,,,,,
variation,1099-1040-13-SW,"Einschlagfuß für Vierkantrohr 40 mm, Kunststoff – Schwarz, Sechskant, 44–60 mm",1,,,,,taxable,1,7.10,,,BF-15792,,,,,,,,,,,,,,,,,,,,,,,,,,,,,,Ausführung,Schwarz · Sechskant · 44–60 mm,,0,,,,,,,,,,,,,,,,,,,,,,,,,,,,,,
variation,1099-1040-11-SW,"Einschlagfuß für Vierkantrohr 40 mm, Kunststoff – Schwarz, rund, 27–51 mm",1,,,,,taxable,1,7.35,,,BF-15792,,,,,,,,,,,,,,,,,,,,,,,,,,,,,,Ausführung,Schwarz · rund · 27–51 mm,,0,,,,,,,,,,,,,,,,,,,,,,,,,,,,,,
variation,1099-1040-13-GR,"Einschlagfuß für Vierkantrohr 40 mm, Kunststoff – Grau, Sechskant, 41–64 mm",1,,,,,taxable,1,7.50,,,BF-15792,,,,,,,,,,,,,,,,,,,,,,,,,,,,,,Ausführung,Grau · Sechskant · 41–64 mm,,0,,,,,,,,,,,,,,,,,,,,,,,,,,,,,,
variation,1099-1070-13-SW,"Einschlagfuß für Vierkantrohr 40 mm, Kunststoff – Schwarz, Sechskant, 27–82 mm",1,,,,,taxable,1,8.20,,,BF-15792,,,,,,,,,,,,,,,,,,,,,,,,,,,,,,Ausführung,Schwarz · Sechskant · 27–82 mm,,0,,,,,,,,,,,,,,,,,,,,,,,,,,,,,,
variable,BF-15788,"Einschlagfuß für Vierkantrohr 40 mm, Kunststoff mit Flansch",1,0,visible,"PP-Einschlagfuß mit 38-mm-Flansch und großem Verstellweg 27–95 mm, bis 2000 N.","<p>Der lange Verstellweg gleicht auch stärkere Bodenunebenheiten aus. Für Rohre mit 1,0 mm Wandstärke, in Schwarz oder Grau.</p>",taxable,1,,Einschlagfüße > Vierkantrohr,https://ts-systemtechnik.de/wp-content/uploads/2016/02/01Kunststoff40440-e1708349348686.png,,,Anwendung,"Arbeitstisch / Möbel, Regal / Gestell",1,1,Funktion,Höhenverstellung,1,1,Bauform,Einschlagfuß,1,1,Material,Kunststoff,1,1,Rohrmaß,Vierkant 40 mm,1,1,Fußform,Flansch,1,1,Traglast,2000 N,1,0,Verstellbereich,27–95 mm,1,0,Ausführung,"Schwarz, Grau",1,0,,,,,,,,,,,,,,,,,,,,,,,,,,15788
variation,1040-2743-FL38,"Einschlagfuß für Vierkantrohr 40 mm, Kunststoff mit Flansch – Schwarz",1,,,,,taxable,1,7.40,,,BF-15788,,,,,,,,,,,,,,,,,,,,,,,,,,,,,,,,,,Ausführung,Schwarz,,0,,,,,,,,,,,,,,,,,,,,,,,,,,
variation,1040-2743-FLG,"Einschlagfuß für Vierkantrohr 40 mm, Kunststoff mit Flansch – Grau",1,,,,,taxable,1,7.40,,,BF-15788,,,,,,,,,,,,,,,,,,,,,,,,,,,,,,,,,,Ausführung,Grau,,0,,,,,,,,,,,,,,,,,,,,,,,,,,
variable,BF-15785,"Einschlagfuß für Vierkantrohr 40 mm, lange Ausführung",1,0,visible,"Glasfaserverstärkter Kunststoff, 87 mm Bauhöhe, für Gestelle mit mehr Bodenfreiheit.","<p>Die lange Bauform hebt das Gestell sichtbar vom Boden ab und erleichtert die Reinigung darunter. Material PA mit 30 % Glasfaser, Sechskant zum Nachstellen.</p>",taxable,1,,Einschlagfüße > Vierkantrohr,,,,Anwendung,"Arbeitstisch / Möbel, Regal / Gestell, Gastronomiegerät",1,1,Funktion,Höhenverstellung,1,1,Bauform,Einschlagfuß,1,1,Material,Kunststoff,1,1,Rohrmaß,Vierkant 40 mm,1,1,Fußform,Sechskant,1,1,Traglast,2000 N,1,0,Verstellbereich,28–50 mm,1,0,Ausführung,"Kunststoff schwarz, Kunststoff grau",1,0,,,,,,,,,,,,,,,,,,,,,,,,,,15785
variation,1040-2773-SW,"Einschlagfuß für Vierkantrohr 40 mm, lange Ausführung – Kunststoff schwarz",1,,,,,taxable,1,9.45,,,BF-15785,,,,,,,,,,,,,,,,,,,,,,,,,,,,,,,,,,Ausführung,Kunststoff schwarz,,0,,,,,,,,,,,,,,,,,,,,,,,,,,
variation,1040-2773-GR,"Einschlagfuß für Vierkantrohr 40 mm, lange Ausführung – Kunststoff grau",1,,,,,taxable,1,9.45,,,BF-15785,,,,,,,,,,,,,,,,,,,,,,,,,,,,,,,,,,Ausführung,Kunststoff grau,,0,,,,,,,,,,,,,,,,,,,,,,,,,,
variable,BF-15789,Einschlagfuß für Vierkantrohr 50 mm mit Flansch,1,0,visible,"Für 50er Vierkantrohr, bis 9000 N, wahlweise mit Edelstahlflansch und Befestigungslöchern.",<p>Für schwerere Gestelle und Geräteunterbauten. Der Edelstahlflansch mit Löchern erlaubt das Verschrauben am Boden.</p>,taxable,1,,Einschlagfüße > Vierkantrohr,https://ts-systemtechnik.de/wp-content/uploads/2017/04/02vierkant50flansch.png,,,Anwendung,"Maschine / Anlage, Gastronomiegerät, Regal / Gestell",1,1,Funktion,"Höhenverstellung, Bodenbefestigung, Hohe Traglast",1,1,Bauform,Einschlagfuß,1,1,Material,"Zinkdruckguss, Edelstahl",1,1,Rohrmaß,Vierkant 50 mm,1,1,Fußform,Flansch,1,1,Traglast,9000 N,1,0,Verstellbereich,33–62 mm,1,0,Ausführung,"Zamak vernickelt · Flansch 50 × 50 mm, Edelstahlflansch 50 × 50 mm mit Befestigungslöchern, Edelstahlflansch 50 × 50 mm ohne Befestigungslöcher",1,0,,,,,,,,,,,,,,,,,,,,,,,,,,15789
variation,1015-5003-2222,"Einschlagfuß für Vierkantrohr 50 mm mit Flansch – Zamak vernickelt, Flansch 50 × 50 mm",1,,,,,taxable,1,11.30,,,BF-15789,,,,,,,,,,,,,,,,,,,,,,,,,,,,,,,,,,Ausführung,Zamak vernickelt · Flansch 50 × 50 mm,,0,,,,,,,,,,,,,,,,,,,,,,,,,,
variation,1015-5003-2289,Einschlagfuß für Vierkantrohr 50 mm mit Flansch – Edelstahlflansch 50 × 50 mm mit Befestigungslöchern,1,,,,,taxable,1,14.30,,,BF-15789,,,,,,,,,,,,,,,,,,,,,,,,,,,,,,,,,,Ausführung,Edelstahlflansch 50 × 50 mm mit Befestigungslöchern,,0,,,,,,,,,,,,,,,,,,,,,,,,,,
variation,1015-5003-2290,Einschlagfuß für Vierkantrohr 50 mm mit Flansch – Edelstahlflansch 50 × 50 mm ohne Befestigungslöcher,1,,,,,taxable,1,13.95,,,BF-15789,,,,,,,,,,,,,,,,,,,,,,,,,,,,,,,,,,Ausführung,Edelstahlflansch 50 × 50 mm ohne Befestigungslöcher,,0,,,,,,,,,,,,,,,,,,,,,,,,,,
variable,BF-15790,"Einschlagfuß für Vierkantrohr 50 mm, für 2 mm Wandstärke",1,0,visible,"Für dickwandiges 50er Rohr, mit Sechskant oder Edelstahlflansch 89 mm.","<p>Speziell für Rohre mit 2 mm Wand, wie sie im Anlagen- und Maschinenbau üblich sind.</p>",taxable,1,,Einschlagfüße > Vierkantrohr,https://ts-systemtechnik.de/wp-content/uploads/2017/11/Einschlagfuesse-Vierkant_50mm-2.jpg,,,Anwendung,"Maschine / Anlage, Fördertechnik",1,1,Funktion,"Höhenverstellung, Hohe Traglast",1,1,Bauform,Einschlagfuß,1,1,Material,"Zinkdruckguss, Edelstahl",1,1,Rohrmaß,Vierkant 50 mm,1,1,Fußform,"Sechskant, Flansch",1,1,Ausführung,"Sechskant, Flansch 89 mm ohne Befestigungslöcher",1,0,,,,,,,,,,,,,,,,,,,,,,,,,,,,,,,,,,15790
variation,1115-5010-1144,"Einschlagfuß für Vierkantrohr 50 mm, für 2 mm Wandstärke – Sechskant",1,,,,,taxable,1,16.55,,,BF-15790,,,,,,,,,,,,,,,,,,,,,,,,,,Ausführung,Sechskant,,0,,,,,,,,,,,,,,,,,,,,,,,,,,,,,,,,,,
variation,1115-5012-1144,"Einschlagfuß für Vierkantrohr 50 mm, für 2 mm Wandstärke – Flansch 89 mm ohne Befestigungslöcher",1,,,,,taxable,1,16.55,,,BF-15790,,,,,,,,,,,,,,,,,,,,,,,,,,Ausführung,Flansch 89 mm ohne Befestigungslöcher,,0,,,,,,,,,,,,,,,,,,,,,,,,,,,,,,,,,,
variable,BF-15799,"Einschlagfuß für Rundrohr 38 mm, Kunststoff",1,0,visible,"PP-Einschlagfuß für 38-mm-Rundrohr mit Sechskant, schwarz oder grau.","<p>Für Rundrohrgestelle wie Stühle, Tische und leichte Regale. Verstellbereich 35–62 mm.</p>",taxable,1,,Einschlagfüße > Rundrohr,https://ts-systemtechnik.de/wp-content/uploads/2016/02/01Kunststoff3845.png,,,Anwendung,"Arbeitstisch / Möbel, Regal / Gestell",1,1,Funktion,Höhenverstellung,1,1,Bauform,Einschlagfuß,1,1,Material,Kunststoff,1,1,Rohrmaß,Rund 38 mm,1,1,Fußform,Sechskant,1,1,Traglast,400 N,1,0,Verstellbereich,35–62 mm,1,0,Ausführung,"Schwarz, Grau",1,0,,,,,,,,,,,,,,,,,,,,,,,,,,15799
variation,1038-2755-SW,"Einschlagfuß für Rundrohr 38 mm, Kunststoff – Schwarz",1,,,,,taxable,1,4.90,,,BF-15799,,,,,,,,,,,,,,,,,,,,,,,,,,,,,,,,,,Ausführung,Schwarz,,0,,,,,,,,,,,,,,,,,,,,,,,,,,
variation,1038-2755-GR,"Einschlagfuß für Rundrohr 38 mm, Kunststoff – Grau",1,,,,,taxable,1,4.90,,,BF-15799,,,,,,,,,,,,,,,,,,,,,,,,,,,,,,,,,,Ausführung,Grau,,0,,,,,,,,,,,,,,,,,,,,,,,,,,
simple,BF-15802,"Einschlagfuß für Rundrohr 1 5/8"" mit Flansch",1,0,visible,"Zamak-Einschlagfuß mit 89-mm-Flansch für Rundrohr 41,3 mm, bis 9000 N.",<p>Typisch für Gastronomie- und Gerätegestelle aus Zollrohr. Der große Flansch sorgt für sicheren Stand.</p>,taxable,1,,Einschlagfüße > Rundrohr,,,,Anwendung,"Gastronomiegerät, Arbeitstisch / Möbel",1,1,Funktion,Höhenverstellung,1,1,Bauform,Einschlagfuß,1,1,Material,Zinkdruckguss,1,1,Rohrmaß,Rund 1 5/8 Zoll (41.3 mm),1,1,Fußform,Flansch,1,1,Traglast,9000 N,1,0,Verstellbereich,28–30 mm,1,0,,,,,,,,,,,,,,,,,,,,,,,,,,,,,1,15802
simple,BF-15801,"Einschlagfuß für Rundrohr 1 5/8"" mit Sechskant",1,0,visible,"Einschlagfuß mit Sechskant für Rundrohr 41,3 mm.",<p>Für Rundrohrgestelle in Zollmaß. Technische Daten auf Anfrage.</p>,taxable,1,,Einschlagfüße > Rundrohr,https://ts-systemtechnik.de/wp-content/uploads/2016/02/02Kunststoff1.png,,,Anwendung,"Gastronomiegerät, Arbeitstisch / Möbel",1,1,Funktion,Höhenverstellung,1,1,Bauform,Einschlagfuß,1,1,Rohrmaß,Rund 1 5/8 Zoll (41.3 mm),1,1,Fußform,Sechskant,1,1,,,,,,,,,,,,,,,,,,,,,,,,,,,,,,,,,,,,,,,,,1,15801
variable,BF-15804,"Edelstahl-Stellbein Ø 63 mm, höhenverstellbar",1,0,visible,"Stellbein aus Edelstahl 1.4301 mit M10-Gewinde oder Montageplatte, bis 9000 N, Höhe bis 263 mm.","<p>Das Stellbein für Gastronomie, Großküche und Edelstahlmöbel. Wählen Sie den Anschluss passend zu Ihrem Gerät: Gewindebolzen M10 oder eine Montageplatte zum Anschrauben. Die Höhe stellen Sie über das Unterteil ein.</p>",taxable,1,,Edelstahl-Stellbeine,https://ts-systemtechnik.de/wp-content/uploads/2016/02/0463.png,,,Anwendung,"Gastronomiegerät, Arbeitstisch / Möbel",1,1,Funktion,"Höhenverstellung, Hygiene-Anforderungen",1,1,Bauform,Stellbein,1,1,Material,Edelstahl 1.4301,1,1,Gewinde,M10,1,1,Anschluss,"Gewinde, Platte",1,1,Traglast,9000 N,1,0,Verstellbereich,96–263 mm,1,0,Durchmesser,63 mm,1,0,Ausführung,"96–130 mm · M10, 140–210 mm · M10, 140–215 mm · M10, 163–263 mm · M10, 100–180 mm · Montageplatte 70 × 70 mm, 120–165 mm · Montageplatte 90 × 90 mm",1,0,,,,,,,,,,,,,,,,,,,,,,15804
variation,1760-65090-110,"Edelstahl-Stellbein Ø 63 mm, höhenverstellbar – 96–130 mm, M10",1,,,,,taxable,1,9.50,,,BF-15804,,,,,,,,,,,,,,,,,,,,,,,,,,,,,,,,,,,,,,Ausführung,96–130 mm · M10,,0,,,,,,,,,,,,,,,,,,,,,,
variation,1760-130100,"Edelstahl-Stellbein Ø 63 mm, höhenverstellbar – 140–210 mm, M10",1,,,,,taxable,1,10.10,,,BF-15804,,,,,,,,,,,,,,,,,,,,,,,,,,,,,,,,,,,,,,Ausführung,140–210 mm · M10,,0,,,,,,,,,,,,,,,,,,,,,,
variation,1760-130110,"Edelstahl-Stellbein Ø 63 mm, höhenverstellbar – 140–215 mm, M10",1,,,,,taxable,1,10.20,,,BF-15804,,,,,,,,,,,,,,,,,,,,,,,,,,,,,,,,,,,,,,Ausführung,140–215 mm · M10,,0,,,,,,,,,,,,,,,,,,,,,,
variation,1760-130160,"Edelstahl-Stellbein Ø 63 mm, höhenverstellbar – 163–263 mm, M10",1,,,,,taxable,1,9.25,,,BF-15804,,,,,,,,,,,,,,,,,,,,,,,,,,,,,,,,,,,,,,Ausführung,163–263 mm · M10,,0,,,,,,,,,,,,,,,,,,,,,,
variation,1761-4010-0150,"Edelstahl-Stellbein Ø 63 mm, höhenverstellbar – 100–180 mm, Montageplatte 70 × 70 mm",1,,,,,taxable,1,11.00,,,BF-15804,,,,,,,,,,,,,,,,,,,,,,,,,,,,,,,,,,,,,,Ausführung,100–180 mm · Montageplatte 70 × 70 mm,,0,,,,,,,,,,,,,,,,,,,,,,
variation,1771-5010-0120,"Edelstahl-Stellbein Ø 63 mm, höhenverstellbar – 120–165 mm, Montageplatte 90 × 90 mm",1,,,,,taxable,1,11.50,,,BF-15804,,,,,,,,,,,,,,,,,,,,,,,,,,,,,,,,,,,,,,Ausführung,120–165 mm · Montageplatte 90 × 90 mm,,0,,,,,,,,,,,,,,,,,,,,,,
simple,BF-15803,Edelstahl-Stellbein Ø 40 und 50 mm,1,0,visible,"Schlanke Edelstahl-Stellbeine mit Sechskant-, Rund- oder Flanschfuß, bis 9000 N.","<p>Für Geräte und Möbel, bei denen ein schlankes Bein gewünscht ist. Optional mit Montageplatte 89 × 89 mm. Verpackungseinheit 24 Stück.</p>",taxable,1,,Edelstahl-Stellbeine,,,,Anwendung,"Gastronomiegerät, Arbeitstisch / Möbel",1,1,Funktion,Höhenverstellung,1,1,Bauform,Stellbein,1,1,Material,Edelstahl,1,1,Fußform,"Sechskant, Rund, Flansch",1,1,Traglast,9000 N,1,0,Verstellbereich,100–180 mm,1,0,Durchmesser,40 / 50 mm,1,0,,,,,,,,,,,,,,,,,,,,,,,,,,,,,1,15803
simple,BF-15805,Montageplatten für Edelstahl-Stellbeine,1,0,visible,Montageplatten zum Anschrauben der Edelstahl-Stellbeine an Gerät oder Möbel.,<p>Zubehör für die Edelstahl-Stellbeine. Maße und Ausführungen auf Anfrage.</p>,taxable,1,,Zubehör,https://ts-systemtechnik.de/wp-content/uploads/2016/02/01montage.png,,,Anwendung,Gastronomiegerät,1,1,Bauform,Spezialausführung,1,1,Material,Edelstahl,1,1,,,,,,,,,,,,,,,,,,,,,,,,,,,,,,,,,,,,,,,,,,,,,,,,,1,15805
simple,BF-15806,"Gerätebein Kason, Zinkdruckguss pulverbeschichtet",1,0,visible,"Gerätebein mit Gewinde 5/8""-11, Höhe 154 mm, Flanschfuß, bis 4500 N.","<p>Robustes Bein für Gastronomie- und Kühlgeräte. Zinkdruckguss, dunkelgrau pulverbeschichtet, 26 mm Höhenverstellung.</p>",taxable,1,,Edelstahl-Stellbeine > Gerätebeine,https://ts-systemtechnik.de/wp-content/uploads/2016/02/03beine.png,,Kason,Anwendung,Gastronomiegerät,1,1,Funktion,Höhenverstellung,1,1,Bauform,Stellbein,1,1,Material,Zinkdruckguss,1,1,Gewinde,"5/8""-11 UNC",1,1,Fußform,Flansch,1,1,Traglast,4500 N,1,0,Verstellbereich,26 mm,1,0,,,,,,,,,,,,,,,,,,,,,,,,,,,,,1,15806
simple,BF-15807,"Gerätebein Kason, Polyamid",1,0,visible,Gerätebein aus Polyamid für Gastronomie- und Kühlgeräte.,"<p>Leichtes, korrosionsfreies Gerätebein. Technische Daten auf Anfrage.</p>",taxable,1,,Edelstahl-Stellbeine > Gerätebeine,https://ts-systemtechnik.de/wp-content/uploads/2016/02/02beine.png,,Kason,Anwendung,Gastronomiegerät,1,1,Funktion,Höhenverstellung,1,1,Bauform,Stellbein,1,1,Material,Kunststoff,1,1,,,,,,,,,,,,,,,,,,,,,,,,,,,,,,,,,,,,,,,,,,,,,1,15807
simple,BF-17201,"Gerätebein Kason, Zinkdruckguss vernickelt",1,0,visible,Vernickeltes Gerätebein aus Zinkdruckguss für Gastronomiegeräte.,"<p>Glänzende, vernickelte Ausführung für sichtbare Gerätebeine. Technische Daten auf Anfrage.</p>",taxable,1,,Edelstahl-Stellbeine > Gerätebeine,https://ts-systemtechnik.de/wp-content/uploads/2019/02/Gerätebeine_Zinkdruckguss_vernickelt_Foto-1.jpg,,Kason,Anwendung,Gastronomiegerät,1,1,Funktion,Höhenverstellung,1,1,Bauform,Stellbein,1,1,Material,Zinkdruckguss,1,1,,,,,,,,,,,,,,,,,,,,,,,,,,,,,,,,,,,,,,,,,,,,,1,17201
simple,BF-19196,Maschinenfuß Kunststoff/Edelstahl,1,0,visible,Maschinenfuß mit Kunststoffteller und Edelstahlspindel.,"<p>Für Maschinen und Geräte, die ausgerichtet werden müssen. Gewinde, Tellergröße und Traglast auf Anfrage.</p>",taxable,1,,Maschinenfüße,https://ts-systemtechnik.de/wp-content/uploads/2024/02/Seite-36-scaled.jpg,,,Anwendung,Maschine / Anlage,1,1,Funktion,Höhenverstellung,1,1,Bauform,Stellfuß,1,1,Material,"Kunststoff, Edelstahl",1,1,,,,,,,,,,,,,,,,,,,,,,,,,,,,,,,,,,,,,,,,,,,,,1,19196
simple,BF-GELENK-OHNE,Gelenkfuß M8–M24 ohne Bodenbefestigung,1,0,visible,"Gelenkfuß mit Kunststoffteller und rutschfester NBR-Sohle, Gewinde M8 bis M24, bis 12.000 N.","<p>Der Teller neigt sich gegenüber der Spindel und gleicht so unebene oder leicht schräge Böden aus. Teller aus glasfaserverstärktem PA6, Sohle aus NBR gegen Rutschen und Körperschall. Bitte Gewinde, Tellerdurchmesser und Spindellänge in der Anfrage angeben.</p><table><thead><tr><th>Gewinde</th><th>Teller-Ø</th><th>Spindellänge</th><th>Traglast</th></tr></thead><tbody><tr><td>M8</td><td>40 / 50 mm</td><td>50 / 100 mm</td><td>8.000 N</td></tr>
<tr><td>M10</td><td>40 / 50 / 60 mm</td><td>50 / 100 mm</td><td>8.000 N (Teller 40/50), 12.000 N (Teller 60)</td></tr>
<tr><td>M12</td><td>40 / 50 / 60 mm</td><td>50 / 100 mm</td><td>8.000 N (Teller 40/50), 12.000 N (Teller 60)</td></tr>
<tr><td>M16</td><td>60 / 80 mm</td><td>50 / 100 mm</td><td>12.000 N</td></tr>
<tr><td>M20</td><td>60 / 80 mm</td><td>50 / 100 mm</td><td>12.000 N</td></tr>
<tr><td>M24</td><td>80 mm</td><td>50 / 100 mm</td><td>12.000 N</td></tr></tbody></table>",taxable,1,,Gelenkfüße,https://ts-systemtechnik.de/wp-content/uploads/2019/03/Stellfüße_8010-8012_Foto.jpg,,,Anwendung,"Maschine / Anlage, Fördertechnik, Schaltschrank / Gehäuse",1,1,Funktion,Höhenverstellung,1,1,Bauform,Gelenkfuß,1,1,Material,Kunststoff,1,1,Gewinde,"M8, M10, M12, M16, M20, M24",1,1,Bodenbefestigung,nein,1,1,Traglast,8000–12000 N,1,0,Tellerdurchmesser,40 / 50 / 60 / 80 mm,1,0,Spindellänge,50 / 100 mm,1,0,,,,,,,,,,,,,,,,,,,,,,,,,1,
simple,BF-GELENK-MIT,Gelenkfuß M8–M24 mit Bodenbefestigung,1,0,visible,"Gelenkfuß mit Kunststoffteller und rutschfester NBR-Sohle, Gewinde M8 bis M24, bis 12.000 N, Teller mit Löchern zum Verschrauben am Boden.","<p>Der Teller neigt sich gegenüber der Spindel und gleicht so unebene oder leicht schräge Böden aus. Teller aus glasfaserverstärktem PA6, Sohle aus NBR gegen Rutschen und Körperschall. Über die Befestigungslöcher wird der Fuß am Boden verschraubt, damit die Maschine nicht wandert. Bitte Gewinde, Tellerdurchmesser und Spindellänge in der Anfrage angeben.</p><table><thead><tr><th>Gewinde</th><th>Teller-Ø</th><th>Spindellänge</th><th>Traglast</th></tr></thead><tbody><tr><td>M8</td><td>40 / 50 mm</td><td>50 / 100 mm</td><td>8.000 N</td></tr>
<tr><td>M10</td><td>40 / 50 / 60 mm</td><td>50 / 100 mm</td><td>8.000 N (Teller 40/50), 12.000 N (Teller 60)</td></tr>
<tr><td>M12</td><td>40 / 50 / 60 mm</td><td>50 / 100 mm</td><td>8.000 N (Teller 40/50), 12.000 N (Teller 60)</td></tr>
<tr><td>M16</td><td>60 / 80 mm</td><td>50 / 100 mm</td><td>12.000 N</td></tr>
<tr><td>M20</td><td>60 / 80 mm</td><td>50 / 100 mm</td><td>12.000 N</td></tr>
<tr><td>M24</td><td>80 mm</td><td>50 / 100 mm</td><td>12.000 N</td></tr></tbody></table>",taxable,1,,"Gelenkfüße, Füße mit Bodenbefestigung",https://ts-systemtechnik.de/wp-content/uploads/2019/03/Stellfüße_8015-8016_Foto.jpg,,,Anwendung,"Maschine / Anlage, Fördertechnik, Schaltschrank / Gehäuse",1,1,Funktion,"Höhenverstellung, Bodenbefestigung",1,1,Bauform,Gelenkfuß,1,1,Material,Kunststoff,1,1,Gewinde,"M8, M10, M12, M16, M20, M24",1,1,Bodenbefestigung,ja,1,1,Traglast,8000–12000 N,1,0,Tellerdurchmesser,40 / 50 / 60 / 80 mm,1,0,Spindellänge,50 / 100 mm,1,0,,,,,,,,,,,,,,,,,,,,,,,,,1,
simple,BF-17328,Geräterolle 50 mm,1,0,visible,"Lenkrolle für Apparate und Geräte. Ausführung, Bremse und Traglast auf Anfrage.","<p>Für Geräte, die bewegt und anschließend sicher abgestellt werden. Technische Daten senden wir Ihnen auf Anfrage.</p>",taxable,1,,Rollen & Sonderlösungen,https://ts-systemtechnik.de/wp-content/uploads/2019/05/Rollen_50mm_Foto.png,,,Anwendung,"Gastronomiegerät, Maschine / Anlage",1,1,Funktion,Mobil (Rolle + Fuß),1,1,Bauform,Spezialausführung,1,1,,,,,,,,,,,,,,,,,,,,,,,,,,,,,,,,,,,,,,,,,,,,,,,,,1,
simple,BF-17335,Geräterolle 75 mm,1,0,visible,"Lenkrolle für Apparate und Geräte. Ausführung, Bremse und Traglast auf Anfrage.","<p>Für Geräte, die bewegt und anschließend sicher abgestellt werden. Technische Daten senden wir Ihnen auf Anfrage.</p>",taxable,1,,Rollen & Sonderlösungen,https://ts-systemtechnik.de/wp-content/uploads/2019/05/Rollen_75mm_Foto-1.png,,,Anwendung,"Gastronomiegerät, Maschine / Anlage",1,1,Funktion,Mobil (Rolle + Fuß),1,1,Bauform,Spezialausführung,1,1,,,,,,,,,,,,,,,,,,,,,,,,,,,,,,,,,,,,,,,,,,,,,,,,,1,
simple,BF-17342,Geräterolle 100 mm,1,0,visible,"Lenkrolle für Apparate und Geräte. Ausführung, Bremse und Traglast auf Anfrage.","<p>Für Geräte, die bewegt und anschließend sicher abgestellt werden. Technische Daten senden wir Ihnen auf Anfrage.</p>",taxable,1,,Rollen & Sonderlösungen,https://ts-systemtechnik.de/wp-content/uploads/2019/05/Rollen_100mm_Foto-1.png,,,Anwendung,"Gastronomiegerät, Maschine / Anlage",1,1,Funktion,Mobil (Rolle + Fuß),1,1,Bauform,Spezialausführung,1,1,,,,,,,,,,,,,,,,,,,,,,,,,,,,,,,,,,,,,,,,,,,,,,,,,1,
simple,BF-17354,Geräterolle 125 mm,1,0,visible,"Lenkrolle für Apparate und Geräte. Ausführung, Bremse und Traglast auf Anfrage.","<p>Für Geräte, die bewegt und anschließend sicher abgestellt werden. Technische Daten senden wir Ihnen auf Anfrage.</p>",taxable,1,,Rollen & Sonderlösungen,https://ts-systemtechnik.de/wp-content/uploads/2019/05/Rollen_125mm_Foto-1.png,,,Anwendung,"Gastronomiegerät, Maschine / Anlage",1,1,Funktion,Mobil (Rolle + Fuß),1,1,Bauform,Spezialausführung,1,1,,,,,,,,,,,,,,,,,,,,,,,,,,,,,,,,,,,,,,,,,,,,,,,,,1,
simple,BF-17361,Edelstahl-Geräterolle 100 mm,1,0,visible,"Lenkrolle für Apparate und Geräte. Ausführung, Bremse und Traglast auf Anfrage.","<p>Für Geräte, die bewegt und anschließend sicher abgestellt werden. Technische Daten senden wir Ihnen auf Anfrage.</p>",taxable,1,,Rollen & Sonderlösungen,https://ts-systemtechnik.de/wp-content/uploads/2019/05/Rollen_100mm_Edelstahl_Foto.png,,,Anwendung,"Gastronomiegerät, Maschine / Anlage",1,1,Funktion,Mobil (Rolle + Fuß),1,1,Bauform,Spezialausführung,1,1,,,,,,,,,,,,,,,,,,,,,,,,,,,,,,,,,,,,,,,,,,,,,,,,,1,
simple,BF-17358,Edelstahl-Geräterolle 125 mm,1,0,visible,"Lenkrolle für Apparate und Geräte. Ausführung, Bremse und Traglast auf Anfrage.","<p>Für Geräte, die bewegt und anschließend sicher abgestellt werden. Technische Daten senden wir Ihnen auf Anfrage.</p>",taxable,1,,Rollen & Sonderlösungen,https://ts-systemtechnik.de/wp-content/uploads/2019/05/Rollen_125mm_Edelstahl_Foto.png,,,Anwendung,"Gastronomiegerät, Maschine / Anlage",1,1,Funktion,Mobil (Rolle + Fuß),1,1,Bauform,Spezialausführung,1,1,,,,,,,,,,,,,,,,,,,,,,,,,,,,,,,,,,,,,,,,,,,,,,,,,1,
